"","Site_name","Magnitude","p.value","Significance","Years.of.Record","Method","elevation","Latitude","Longitude","sitemeanswe"
"1","Alcantara Lake",6.812,0.20029,"no",25,"Modified MK",410.4,60.91243,-108.26043,10.9976
"2","Allan Lake",-0.261,0.94578,"no",31,"Standard MK",306.6,62.93262,-113.05068,8.51790834613415
"3","Big Lake",-9.072,0.24376,"no",28,"Standard MK",420.9,64.80319,-112.920543,11.1900297619048
"4","Big Spruce Lake",-8.462,0.07997,"no",31,"Standard MK",237.4,63.512,-116.00583,10.2566308243728
"5","Boundary Lake",17.612,0.1069,"no",24,"Standard MK",822.3,59.49077,-115.54748,16.1783333333333
"6","Caribou Creek",-6.742,0.20581,"no",28,"Standard MK",88.8,68.04639,-133.48944,12.3126587301587
"7","Castor Lake",-12.569,0.01077,"yes",31,"Modified MK",299.4,64.51564,-115.989337,10.8243637992832
"8","Christison Lake",-1.167,0.74671,"no",31,"Standard MK",440,64.64979,-114.155174,10.7858230926779
"9","Denis Lake",-4.643,0.41421,"no",31,"Modified MK",408.6,63.35412,-112.64337,10.6907168458781
"10","Dunvegan Lake",8.333,0.16071,"no",25,"Modified MK",495.9,60.16692,-107.29118,12.0072
"11","Dymond Lake",2.333,0.67641,"no",27,"Standard MK",399,61.39632,-106.2776,12.9363374485597
"12","Fort Good Hope",6.167,0.36212,"no",25,"Standard MK",109.4,66.26963649,-128.6129009,11.445
"13","Fort Simpson",-2.5,0.69185,"no",27,"Standard MK",174,61.80465,-121.32612,10.0813077868633
"14","Fort Smith",7.243,0.09858,"no",29,"Standard MK",213.3,60.00227,-111.91423,8.83486590038314
"15","Ghost Lake",-6.667,0.1261,"no",31,"Standard MK",290,63.87814,-115.073673,10.2823476702509
"16","Gray Lake",-3.063,0.58645,"no",29,"Standard MK",324.6,61.85075,-108.35235,11.7018007662835
"17","Halliday Lake",3.625,0.49591,"no",25,"Modified MK",380.8,61.37508,-109.0272,11.2292
"18","Hill Island Lake",6.786,0.24261,"no",26,"Modified MK",325,60.51152,-109.78598,10.232735042735
"19","Hook Lake",10.833,0.01528,"yes",26,"Standard MK",159,60.66638,-112.7831,9.61769230769231
"20","IT64NW",2.632,0.42164,"no",30,"Standard MK",236.7,62.51354998,-113.3972,8.30579365079365
"21","IT64SE",-0.357,0.88395,"no",27,"Standard MK",235.1,62.51238196,-113.392803,8.13227246005024
"22","Indin Lake",-8.25,0.16854,"no",31,"Modified MK",298,64.37836,-115.026949,11.0370161290323
"23","Kakisa River",1.529,0.59808,"no",31,"Standard MK",189.2,60.99667,-117.27048,10.737311827957
"24","Little Buffalo Tower",2.5,0.62985,"no",30,"Standard MK",177.1,60.99243,-113.79048,11.874037037037
"25","Little Latham Lake",-5,0.28406,"no",31,"Standard MK",306.1,63.20888,-113.6469,9.66759856630824
"26","Mattberry Lake",-4.155,0.18481,"no",31,"Standard MK",261.5,64.08953,-115.955609,9.57272401433692
"27","Mesa Lake",-7.986,0.09578,"no",31,"Standard MK",389.5,64.8451,-115.1378271,11.9806272401434
"28","Nardin Lake",-8.6,0.10633,"no",31,"Standard MK",360,63.5235,-113.799,10.3460573476703
"29","Nonacho Lake",-2.143,0.88395,"no",27,"Standard MK",320,61.7338,-109.66118,11.094708994709
"30","Norman Wells",0,1,"no",26,"Standard MK",66.5,65.28018908,-126.7581128,11.0844551282051
"31","Nyarling River",4.808,0.20867,"no",29,"Standard MK",271,60.34258,-114.16995,10.5578544061303
"32","Piers Lake",6.056,0.20558,"no",28,"Standard MK",242,60.32075,-111.1372,10.2685714285714
"33","Pine Point",5.556,0.24611,"no",30,"Standard MK",222,60.82393,-114.46232,13.6456666666667
"34","Pocket Lake",-6.842,0.26028,"no",27,"Standard MK",195.9,62.51,-114.371756,9.70825984714874
"35","Rengleng River",-8.211,0.40658,"no",28,"Standard MK",91.7,67.63833,-133.83194,13.3573993764172
"36","Sharples Lake",-9.062,0.10633,"no",31,"Modified MK",376,63.89505,-112.81402,10.5051971326165
"37","Snare Lake",-5.952,0.25558,"no",30,"Modified MK",359.6,64.20356,-114.040142,10.3685
"38","Swede Creek",7.722,0.09874,"no",29,"Standard MK",283,60.27443,-116.5554,9.72059113300493
"39","Thekulthili Lake",7.237,0.27495,"no",24,"Standard MK",320,60.96292,-110.22782,9.30958333333333
"40","Thubun Lake",2.632,0.24545,"no",27,"Modified MK",185,61.50075,-111.76345,8.85283950617284
"41","Tibbitt Lake_m",-1.667,0.91222,"no",26,"Standard MK",271.1,62.5544,-113.340174,8.49230769230769
"42","Tortuous Lake",2.92,0.65515,"no",24,"Standard MK",235.2,60.75388,-111.70178,9.20772486772487
"43","Tulita",3.889,0.40173,"no",26,"Standard MK",72.7,64.90264579,-125.526701,9.52641941391941
"44","Whirlwind Lake",12.5,0.01947,"yes",26,"Standard MK",445,60.24245,-108.68615,10.6568803418803
"45","White Wolf Lake",2.393,0.64274,"no",30,"Standard MK",439.9,65.00454,-114.10541,11.8525767195767
"46","Winter Lake",4.112,0.37725,"no",29,"Standard MK",382.1,64.49806,-113.029303,8.08189655172414
"47","ASSUMPTION",6.875,0.34968,"no",31,"Standard MK",370,58.6,-118.46667,9.74193548387097
"48","BARRHEAD NORTH",-3.2,0.59222,"no",31,"Modified MK",670,54.28361111,-114.3703,7.11290322580645
"49","BARRHEAD WEST",-4.8,0.58003,"no",31,"Modified MK",670,54.18111111,-114.7864,7.04193548387097
"50","BEZANSON",-18.333,0.05689,"no",31,"Standard MK",690,55.233334,-118.51667,6.89677419354839
"51","BLACKSTONE RIVER",22.727,0.00304,"yes",30,"Standard MK",920,64.95,-138.277,11.8233
"52","BONNET PLUME LAKE",2.941,0.4043,"no",31,"Modified MK",1120,64.30531,-132.00087,18.6096774193548
"53","EDSON #2",13.077,0.19632,"no",31,"Standard MK",910,53.583332,-116.23333,10.441935483871
"54","EMBARRAS PORT",8.182,0.36549,"no",26,"Standard MK",210,58.383335,-111.53333,9.53461538461539
"55","EUREKA RIVER",2.222,0.63395,"no",31,"Standard MK",700,56.516666,-118.75,9.81935483870968
"56","FAIRVIEW",-2.941,0.67077,"no",31,"Standard MK",630,56.03333333,-118.4,8.55483870967742
"57","FLATBUSH",8,0.47519,"no",31,"Modified MK",640,54.733334,-114.083336,9.02903225806452
"58","FORD LAKE",16.071,0.00817,"yes",31,"Modified MK",1110,60.783306,-131.47147,20.5064516129032
"59","FORT CHIPEWYAN",10,0.18486,"no",26,"Standard MK",210,58.71111,-111.147222,7.70769230769231
"60","FORT NELSON A",-8.824,0.27623,"no",30,"Standard MK",380,58.84067,-122.5719,9.6
"61","FORT SMITH A",25,0.01119,"yes",26,"Standard MK",203,60.033333,-111.933334,9.62076923076923
"62","FORT ST. JOHN  A",-7.639,0.55315,"no",28,"Standard MK",690,56.23722,-120.728615,11.4607142857143
"63","FORT VERMILION",2.381,0.74664,"no",31,"Standard MK",280,58.383335,-116.03333,9.13225806451613
"64","FRANCES RIVER",2.857,0.75945,"no",31,"Standard MK",730,60.583332,-129.18333,17.0161290322581
"65","FREDRICKSON LAKE",0,1,"no",31,"Modified MK",1325,56.94868,-126.52191,24.1483870967742
"66","GERMANSEN (UPPER)",-4.762,0.8027,"no",30,"Standard MK",1480,55.81936,-124.69312,36.6866666666667
"67","GIROUXVILLE",0,1,"no",31,"Standard MK",560,55.766666,-117.333336,6.44193548387097
"68","GRASSLAND",9.167,0.27628,"no",31,"Standard MK",570,54.816666,-112.683334,6.35806451612903
"69","HIGH LEVEL",0,0.9593,"no",31,"Standard MK",330,58.516666,-117.183334,9.70967741935484
"70","HIGH PRAIRIE",-6.25,0.59822,"no",31,"Standard MK",610,55.4,-116.45,7.5
"71","HINTON",16.667,0.06893,"no",31,"Standard MK",1240,53.55388889,-117.9225,11.3741935483871
"72","HYLAND RIVER",41.255,0.01586,"yes",28,"Modified MK",855,61.516666,-128.26666,19.3857142857143
"73","HYTHE",-9.5,0.04091,"yes",31,"Modified MK",740,55.316666,-119.566666,6.55483870967742
"74","KEG RIVER",-0.952,0.87837,"no",31,"Standard MK",440,57.633335,-117.566666,8.49677419354839
"75","KINUSO",-5,0.55126,"no",31,"Standard MK",640,55.2275,-115.3836,8.44516129032258
"76","LADY LAURIER LAKE",-5.455,0.67086,"no",31,"Standard MK",1440,56.701138,-123.754684,54.8322580645161
"77","LITTLE SMOKY",2.174,0.78546,"no",31,"Standard MK",660,54.733334,-117.15,10.1193548387097
"78","LODGEPOLE",-0.769,0.94578,"no",31,"Standard MK",850,53.49333,-115.4261,8.06451612903226
"79","MARMOT-JASPER",21.333,0.11002,"no",31,"Standard MK",1830,52.80667,-118.089444,25.0225806451613
"80","MAYERTHORPE S.P.",-16.154,0.09221,"no",31,"Standard MK",760,53.866665,-115.316666,6.65806451612903
"81","MEADOWVIEW",4.211,0.67086,"no",31,"Standard MK",670,54.00333,-114.674722,8.91935483870968
"82","MONKMAN CREEK",-9.412,0.83839,"no",31,"Standard MK",1570,54.725365,-121.2318,59.2903225806452
"83","MORFEE MOUNTAIN",-51.6,0.24611,"no",30,"Standard MK",1430,55.41728,-123.04176,84.0533333333333
"84","MOUNT SHEBA",23.478,0.44969,"no",30,"Modified MK",1490,54.526943,-121.80435,94.8
"85","MOUNT STEARNS",2.222,0.90528,"no",31,"Standard MK",1505,57.069527,-123.39929,15.5806451612903
"86","NORMAN WELLS A",-2.222,0.86589,"no",29,"Standard MK",73,65.28333,-126.8,10.9896551724138
"87","NORTH STAR",-14.881,0.05566,"no",31,"Standard MK",490,56.866665,-117.63333,5.92258064516129
"88","OBED",17.5,0.06626,"no",31,"Standard MK",1090,53.566666,-117.21667,8.35161290322581
"89","OGILVIE RIVER",18.125,0.00477,"yes",31,"Standard MK",595,65.35,-138.3,11.8645161290323
"90","PADDLE RIVER H.W.",-19.655,0.04672,"yes",31,"Standard MK",885,53.86889,-115.54305,6.66129032258065
"91","PERRYVALE",7.143,0.46375,"no",30,"Standard MK",670,54.466667,-113.166664,8.46666666666667
"92","PHILIP LAKE",-8.571,0.60483,"no",30,"Standard MK",1035,55.11328,-123.895424,27.8966666666667
"93","PULPIT LAKE",-10,0.54385,"no",28,"Modified MK",1335,57.548504,-126.74895,42.7
"94","RYCROFT",-18.621,0.02235,"yes",31,"Standard MK",630,55.7,-118.73333,6.16451612903226
"95","SAULTEAUX RIVER",6.667,0.51825,"no",31,"Standard MK",570,55.166668,-114.23333,8.61935483870968
"96","SEXSMITH",5.625,0.63415,"no",31,"Standard MK",780,55.416668,-118.86667,9.24516129032258
"97","SIKANNI LAKE",-7.5,0.72111,"no",31,"Standard MK",1385,57.26386,-124.13252,26.258064516129
"98","SPRING CREEK#1",5.833,0.61013,"no",31,"Standard MK",720,54.95194,-117.7506,10.3870967741935
"99","STURGEON HEIGHTS",4,0.87841,"no",31,"Standard MK",720,53.066666,-117.683334,10.3838709677419
"100","SUMMIT LAKE",-6.667,0.48224,"no",29,"Modified MK",1280,58.64817,-124.7214,10.948275862069
"101","SUNWAPTA FALLS",15.714,0.22092,"no",31,"Standard MK",1400,52.54333,-117.6481,20.2451612903226
"102","SWEETGRASS",5,0.13124,"no",26,"Modified MK",210,58.85,-112,9.00384615384615
"103","TINTINA AIRSTRIP",21.379,0.21626,"no",31,"Modified MK",1067,61.086056,-131.24533,22.5645161290323
"104","TRYGVE LAKE",-10.833,0.58641,"no",31,"Standard MK",1410,56.994545,-127.45539,37.1387096774194
"105","TSAYDAYCHI LAKE",-6.875,0.73384,"no",31,"Standard MK",1190,55.416634,-124.7622,41.6290322580645
"106","TUTIZZI LAKE",-5.903,0.78205,"no",28,"Standard MK",1045,56.308067,-125.60031,26.075
"107","TWIN LAKES",-6.667,0.49647,"no",31,"Standard MK",655,54.05889,-114.7947,7.08387096774194
"108","WARE (LOWER)",-1.25,0.82499,"no",31,"Standard MK",970,57.405556,-125.66959,18.4225806451613
"109","WARE (UPPER)",-26.923,0.02276,"yes",31,"Standard MK",1575,57.38972,-125.71167,25.5225806451613
"110","WATSON LAKE AIRPORT",1.111,0.90528,"no",31,"Standard MK",685,60.116665,-128.83333,15.6
"111","WESTLOCK",5,0.7083,"no",31,"Standard MK",700,54.00694,-113.989722,6.62903225806452
"112","WHITECOURT",-7.5,0.29624,"no",31,"Modified MK",790,54.07027778,-115.5544,9.12258064516129
